"","HomePlanet","Average","Total"
"1","Europa",3552.74973985432,6828385
"2","Earth",688.443306510607,2823306
"3","Mars",1074.12222925902,1696039
"4",NA,1146.95628415301,209893
